<?xml version="1.0" encoding="UTF-8"?>
<DefaultAssociations>
  <Association Identifier=".264" ProgId="KLCP.WMP64.264" ApplicationName="Reproductor de Windows Media" />
  <Association Identifier=".3g2" ProgId="WMP11.AssocFile.3G2" ApplicationName="Reproductor de Windows Media" />
  <Association Identifier=".3gp" ProgId="WMP11.AssocFile.3GP" ApplicationName="Reproductor de Windows Media" />
  <Association Identifier=".3gp2" ProgId="WMP11.AssocFile.3G2" ApplicationName="Reproductor de Windows Media" />
  <Association Identifier=".3gpp" ProgId="WMP11.AssocFile.3GP" ApplicationName="Reproductor de Windows Media" />
  <Association Identifier=".aac" ProgId="WMP11.AssocFile.ADTS" ApplicationName="Reproductor de Windows Media" />
  <Association Identifier=".ac3" ProgId="KLCP.WMP64.ac3" ApplicationName="Reproductor de Windows Media" />
  <Association Identifier=".acrobatsecuritysettings" ProgId="Applications\Acrobat.exe" ApplicationName="Adobe Acrobat DC" />
  <Association Identifier=".adts" ProgId="WMP11.AssocFile.ADTS" ApplicationName="Reproductor de Windows Media" />
  <Association Identifier=".aif" ProgId="WMP11.AssocFile.AIFF" ApplicationName="Reproductor de Windows Media" />
  <Association Identifier=".aifc" ProgId="WMP11.AssocFile.AIFF" ApplicationName="Reproductor de Windows Media" />
  <Association Identifier=".aiff" ProgId="WMP11.AssocFile.AIFF" ApplicationName="Reproductor de Windows Media" />
  <Association Identifier=".alac" ProgId="KLCP.WMP64.alac" ApplicationName="Reproductor de Windows Media" />
  <Association Identifier=".amr" ProgId="KLCP.WMP64.amr" ApplicationName="Reproductor de Windows Media" />
  <Association Identifier=".amv" ProgId="KLCP.WMP64.amv" ApplicationName="Reproductor de Windows Media" />
  <Association Identifier=".ani" ProgId="IrfanView.ani" ApplicationName="IrfanView 64-bit" />
  <Association Identifier=".aob" ProgId="KLCP.WMP64.aob" ApplicationName="Reproductor de Windows Media" />
  <Association Identifier=".ape" ProgId="KLCP.WMP64.ape" ApplicationName="Reproductor de Windows Media" />
  <Association Identifier=".asf" ProgId="WMP11.AssocFile.ASF" ApplicationName="Reproductor de Windows Media" />
  <Association Identifier=".asx" ProgId="KLCP.WMP64.asx" ApplicationName="Reproductor de Windows Media" />
  <Association Identifier=".au" ProgId="WMP11.AssocFile.AU" ApplicationName="Reproductor de Windows Media" />
  <Association Identifier=".avi" ProgId="WMP11.AssocFile.AVI" ApplicationName="Reproductor de Windows Media" />
  <Association Identifier=".avs" ProgId="KLCP.WMP64.avs" ApplicationName="Reproductor de Windows Media" />
  <Association Identifier=".bdmv" ProgId="KLCP.WMP64.bdmv" ApplicationName="Reproductor de Windows Media" />
  <Association Identifier=".bik" ProgId="KLCP.WMP64.bik" ApplicationName="Reproductor de Windows Media" />
  <Association Identifier=".bmp" ProgId="IrfanView.bmp" ApplicationName="IrfanView 64-bit" />
  <Association Identifier=".caf" ProgId="KLCP.WMP64.caf" ApplicationName="Reproductor de Windows Media" />
  <Association Identifier=".cda" ProgId="WMP11.AssocFile.CDA" ApplicationName="Reproductor de Windows Media" />
  <Association Identifier=".cr2" ProgId="IrfanView.cr2" ApplicationName="IrfanView 64-bit" />
  <Association Identifier=".cr3" ProgId="IrfanView.cr3" ApplicationName="IrfanView 64-bit" />
  <Association Identifier=".crw" ProgId="IrfanView.crw" ApplicationName="IrfanView 64-bit" />
  <Association Identifier=".dav" ProgId="KLCP.WMP64.dav" ApplicationName="Reproductor de Windows Media" />
  <Association Identifier=".dcx" ProgId="IrfanView.dcx" ApplicationName="IrfanView 64-bit" />
  <Association Identifier=".dff" ProgId="KLCP.WMP64.dff" ApplicationName="Reproductor de Windows Media" />
  <Association Identifier=".dib" ProgId="IrfanView.bmp" ApplicationName="IrfanView 64-bit" />
  <Association Identifier=".divx" ProgId="KLCP.WMP64.divx" ApplicationName="Reproductor de Windows Media" />
  <Association Identifier=".dsf" ProgId="KLCP.WMP64.dsf" ApplicationName="Reproductor de Windows Media" />
  <Association Identifier=".dts" ProgId="KLCP.WMP64.dts" ApplicationName="Reproductor de Windows Media" />
  <Association Identifier=".dv" ProgId="KLCP.WMP64.dv" ApplicationName="Reproductor de Windows Media" />
  <Association Identifier=".emf" ProgId="IrfanView.emf" ApplicationName="IrfanView 64-bit" />
  <Association Identifier=".eps" ProgId="IrfanView.eps" ApplicationName="IrfanView 64-bit" />
  <Association Identifier=".evo" ProgId="KLCP.WMP64.evo" ApplicationName="Reproductor de Windows Media" />
  <Association Identifier=".f4v" ProgId="KLCP.WMP64.f4v" ApplicationName="Reproductor de Windows Media" />
  <Association Identifier=".flac" ProgId="KLCP.WMP64.flac" ApplicationName="Reproductor de Windows Media" />
  <Association Identifier=".flv" ProgId="KLCP.WMP64.flv" ApplicationName="Reproductor de Windows Media" />
  <Association Identifier=".gif" ProgId="IrfanView.gif" ApplicationName="IrfanView 64-bit" />
  <Association Identifier=".hdmov" ProgId="KLCP.WMP64.hdmov" ApplicationName="Reproductor de Windows Media" />
  <Association Identifier=".heic" ProgId="IrfanView.heic" ApplicationName="IrfanView 64-bit" />
  <Association Identifier=".htm" ProgId="ChromeHTML" ApplicationName="Google Chrome" />
  <Association Identifier=".html" ProgId="ChromeHTML" ApplicationName="Google Chrome" />
  <Association Identifier=".ico" ProgId="IrfanView.ico" ApplicationName="IrfanView 64-bit" />
  <Association Identifier=".ifo" ProgId="KLCP.WMP64.ifo" ApplicationName="Reproductor de Windows Media" />
  <Association Identifier=".inf" ProgId="inffile" ApplicationName="Bloc de notas" />
  <Association Identifier=".ini" ProgId="Notepad++_file" ApplicationName="Notepad++ : a free (GPL) source code editor" />
  <Association Identifier=".it" ProgId="KLCP.WMP.it" ApplicationName="Reproductor de Windows Media" />
  <Association Identifier=".ivf" ProgId="KLCP.WMP64.ivf" ApplicationName="Reproductor de Windows Media" />
  <Association Identifier=".jpc" ProgId="IrfanView.jp2" ApplicationName="IrfanView 64-bit" />
  <Association Identifier=".jpe" ProgId="IrfanView.jpg" ApplicationName="IrfanView 64-bit" />
  <Association Identifier=".jpeg" ProgId="IrfanView.jpg" ApplicationName="IrfanView 64-bit" />
  <Association Identifier=".jpg" ProgId="IrfanView.jpg" ApplicationName="IrfanView 64-bit" />
  <Association Identifier=".jxr" ProgId="IrfanView.hdp" ApplicationName="IrfanView 64-bit" />
  <Association Identifier=".lbm" ProgId="IrfanView.iff" ApplicationName="IrfanView 64-bit" />
  <Association Identifier=".log" ProgId="Notepad++_file" ApplicationName="Notepad++ : a free (GPL) source code editor" />
  <Association Identifier=".m1v" ProgId="WMP11.AssocFile.MPEG" ApplicationName="Reproductor de Windows Media" />
  <Association Identifier=".m2p" ProgId="KLCP.WMP64.m2p" ApplicationName="Reproductor de Windows Media" />
  <Association Identifier=".m2t" ProgId="WMP11.AssocFile.M2TS" ApplicationName="Reproductor de Windows Media" />
  <Association Identifier=".m2ts" ProgId="WMP11.AssocFile.M2TS" ApplicationName="Reproductor de Windows Media" />
  <Association Identifier=".m2v" ProgId="WMP11.AssocFile.MPEG" ApplicationName="Reproductor de Windows Media" />
  <Association Identifier=".m3u" ProgId="KLCP.WMP64.m3u" ApplicationName="Reproductor de Windows Media" />
  <Association Identifier=".m3u8" ProgId="KLCP.WMP64.m3u8" ApplicationName="Reproductor de Windows Media" />
  <Association Identifier=".m4a" ProgId="WMP11.AssocFile.M4A" ApplicationName="Reproductor de Windows Media" />
  <Association Identifier=".m4v" ProgId="WMP11.AssocFile.MP4" ApplicationName="Reproductor de Windows Media" />
  <Association Identifier=".mht" ProgId="MSEdgeHTM" ApplicationName="Microsoft Edge" />
  <Association Identifier=".mhtml" ProgId="MSEdgeHTM" ApplicationName="Microsoft Edge" />
  <Association Identifier=".mid" ProgId="WMP11.AssocFile.MIDI" ApplicationName="Reproductor de Windows Media" />
  <Association Identifier=".midi" ProgId="WMP11.AssocFile.MIDI" ApplicationName="Reproductor de Windows Media" />
  <Association Identifier=".mk3d" ProgId="KLCP.WMP64.mk3d" ApplicationName="Reproductor de Windows Media" />
  <Association Identifier=".mka" ProgId="KLCP.WMP64.mka" ApplicationName="Reproductor de Windows Media" />
  <Association Identifier=".mkv" ProgId="KLCP.WMP64.mkv" ApplicationName="Reproductor de Windows Media" />
  <Association Identifier=".mlp" ProgId="KLCP.WMP64.mlp" ApplicationName="Reproductor de Windows Media" />
  <Association Identifier=".mo3" ProgId="KLCP.WMP.mo3" ApplicationName="Reproductor de Windows Media" />
  <Association Identifier=".mov" ProgId="WMP11.AssocFile.MOV" ApplicationName="Reproductor de Windows Media" />
  <Association Identifier=".MP2" ProgId="WMP11.AssocFile.MP3" ApplicationName="Reproductor de Windows Media" />
  <Association Identifier=".mp2v" ProgId="WMP11.AssocFile.MPEG" ApplicationName="Reproductor de Windows Media" />
  <Association Identifier=".mp3" ProgId="WMP11.AssocFile.MP3" ApplicationName="Reproductor de Windows Media" />
  <Association Identifier=".mp4" ProgId="WMP11.AssocFile.MP4" ApplicationName="Reproductor de Windows Media" />
  <Association Identifier=".mp4v" ProgId="WMP11.AssocFile.MP4" ApplicationName="Reproductor de Windows Media" />
  <Association Identifier=".mpa" ProgId="WMP11.AssocFile.MPEG" ApplicationName="Reproductor de Windows Media" />
  <Association Identifier=".mpc" ProgId="KLCP.WMP64.mpc" ApplicationName="Reproductor de Windows Media" />
  <Association Identifier=".MPE" ProgId="WMP11.AssocFile.MPEG" ApplicationName="Reproductor de Windows Media" />
  <Association Identifier=".mpeg" ProgId="WMP11.AssocFile.MPEG" ApplicationName="Reproductor de Windows Media" />
  <Association Identifier=".mpg" ProgId="WMP11.AssocFile.MPEG" ApplicationName="Reproductor de Windows Media" />
  <Association Identifier=".mpl" ProgId="KLCP.WMP64.mpl" ApplicationName="Reproductor de Windows Media" />
  <Association Identifier=".mpls" ProgId="KLCP.WMP64.mpls" ApplicationName="Reproductor de Windows Media" />
  <Association Identifier=".mpv2" ProgId="WMP11.AssocFile.MPEG" ApplicationName="Reproductor de Windows Media" />
  <Association Identifier=".mpv4" ProgId="KLCP.WMP64.mpv4" ApplicationName="Reproductor de Windows Media" />
  <Association Identifier=".mtm" ProgId="KLCP.WMP.mtm" ApplicationName="Reproductor de Windows Media" />
  <Association Identifier=".mts" ProgId="WMP11.AssocFile.M2TS" ApplicationName="Reproductor de Windows Media" />
  <Association Identifier=".mxf" ProgId="KLCP.WMP64.mxf" ApplicationName="Reproductor de Windows Media" />
  <Association Identifier=".ofr" ProgId="KLCP.WMP.ofr" ApplicationName="Reproductor de Windows Media" />
  <Association Identifier=".ofs" ProgId="KLCP.WMP.ofs" ApplicationName="Reproductor de Windows Media" />
  <Association Identifier=".oga" ProgId="KLCP.WMP64.oga" ApplicationName="Reproductor de Windows Media" />
  <Association Identifier=".ogg" ProgId="KLCP.WMP64.ogg" ApplicationName="Reproductor de Windows Media" />
  <Association Identifier=".ogm" ProgId="KLCP.WMP64.ogm" ApplicationName="Reproductor de Windows Media" />
  <Association Identifier=".ogv" ProgId="KLCP.WMP64.ogv" ApplicationName="Reproductor de Windows Media" />
  <Association Identifier=".opus" ProgId="KLCP.WMP64.opus" ApplicationName="Reproductor de Windows Media" />
  <Association Identifier=".pcx" ProgId="IrfanView.pcx" ApplicationName="IrfanView 64-bit" />
  <Association Identifier=".pdf" ProgId="PDF24.Reader" ApplicationName="PDF24 Reader" />
  <Association Identifier=".pdfxml" ProgId="Applications\Acrobat.exe" ApplicationName="Adobe Acrobat DC" />
  <Association Identifier=".pgm" ProgId="IrfanView.pgm" ApplicationName="IrfanView 64-bit" />
  <Association Identifier=".pls" ProgId="KLCP.WMP64.pls" ApplicationName="Reproductor de Windows Media" />
  <Association Identifier=".png" ProgId="IrfanView.png" ApplicationName="IrfanView 64-bit" />
  <Association Identifier=".ppm" ProgId="IrfanView.ppm" ApplicationName="IrfanView 64-bit" />
  <Association Identifier=".ps1" ProgId="Microsoft.PowerShellScript.1" ApplicationName="Bloc de notas" />
  <Association Identifier=".psd" ProgId="IrfanView.psd" ApplicationName="IrfanView 64-bit" />
  <Association Identifier=".psd1" ProgId="Microsoft.PowerShellData.1" ApplicationName="Bloc de notas" />
  <Association Identifier=".psm1" ProgId="Microsoft.PowerShellModule.1" ApplicationName="Bloc de notas" />
  <Association Identifier=".ra" ProgId="KLCP.WMP64.ra" ApplicationName="Reproductor de Windows Media" />
  <Association Identifier=".raw" ProgId="IrfanView.raw" ApplicationName="IrfanView 64-bit" />
  <Association Identifier=".rec" ProgId="KLCP.WMP64.rec" ApplicationName="Reproductor de Windows Media" />
  <Association Identifier=".rgb" ProgId="IrfanView.sgi" ApplicationName="IrfanView 64-bit" />
  <Association Identifier=".rle" ProgId="IrfanView.rle" ApplicationName="IrfanView 64-bit" />
  <Association Identifier=".rm" ProgId="KLCP.WMP64.rm" ApplicationName="Reproductor de Windows Media" />
  <Association Identifier=".rmi" ProgId="WMP11.AssocFile.MIDI" ApplicationName="Reproductor de Windows Media" />
  <Association Identifier=".rmvb" ProgId="KLCP.WMP64.rmvb" ApplicationName="Reproductor de Windows Media" />
  <Association Identifier=".s3m" ProgId="KLCP.WMP.s3m" ApplicationName="Reproductor de Windows Media" />
  <Association Identifier=".scp" ProgId="Notepad++_file" ApplicationName="Notepad++ : a free (GPL) source code editor" />
  <Association Identifier=".smk" ProgId="KLCP.WMP64.smk" ApplicationName="Reproductor de Windows Media" />
  <Association Identifier=".snd" ProgId="WMP11.AssocFile.AU" ApplicationName="Reproductor de Windows Media" />
  <Association Identifier=".spx" ProgId="KLCP.WMP64.spx" ApplicationName="Reproductor de Windows Media" />
  <Association Identifier=".ssif" ProgId="KLCP.WMP64.ssif" ApplicationName="Reproductor de Windows Media" />
  <Association Identifier=".svg" ProgId="MSEdgeHTM" ApplicationName="Microsoft Edge" />
  <Association Identifier=".tak" ProgId="KLCP.WMP64.tak" ApplicationName="Reproductor de Windows Media" />
  <Association Identifier=".tif" ProgId="IrfanView.tif" ApplicationName="IrfanView 64-bit" />
  <Association Identifier=".tiff" ProgId="IrfanView.tif" ApplicationName="IrfanView 64-bit" />
  <Association Identifier=".torrent" ProgId="Transmission.TorrentFile.1" ApplicationName="Transmission Qt Client" />
  <Association Identifier=".tp" ProgId="KLCP.WMP64.tp" ApplicationName="Reproductor de Windows Media" />
  <Association Identifier=".trp" ProgId="KLCP.WMP64.trp" ApplicationName="Reproductor de Windows Media" />
  <Association Identifier=".TS" ProgId="WMP11.AssocFile.TTS" ApplicationName="Reproductor de Windows Media" />
  <Association Identifier=".tta" ProgId="KLCP.WMP64.tta" ApplicationName="Reproductor de Windows Media" />
  <Association Identifier=".TTS" ProgId="WMP11.AssocFile.TTS" ApplicationName="Reproductor de Windows Media" />
  <Association Identifier=".txt" ProgId="Notepad++_file" ApplicationName="Notepad++ : a free (GPL) source code editor" />
  <Association Identifier=".umx" ProgId="KLCP.WMP.umx" ApplicationName="Reproductor de Windows Media" />
  <Association Identifier=".url" ProgId="IE.AssocFile.URL" ApplicationName="Explorador de Internet" />
  <Association Identifier=".video" ProgId="KLCP.WMP64.video" ApplicationName="Reproductor de Windows Media" />
  <Association Identifier=".vob" ProgId="KLCP.WMP64.vob" ApplicationName="Reproductor de Windows Media" />
  <Association Identifier=".wav" ProgId="WMP11.AssocFile.WAV" ApplicationName="Reproductor de Windows Media" />
  <Association Identifier=".wax" ProgId="WMP11.AssocFile.WAX" ApplicationName="Reproductor de Windows Media" />
  <Association Identifier=".wdp" ProgId="IrfanView.hdp" ApplicationName="IrfanView 64-bit" />
  <Association Identifier=".webm" ProgId="KLCP.WMP64.webm" ApplicationName="Reproductor de Windows Media" />
  <Association Identifier=".website" ProgId="IE.AssocFile.WEBSITE" ApplicationName="Internet Explorer" />
  <Association Identifier=".wm" ProgId="WMP11.AssocFile.ASF" ApplicationName="Reproductor de Windows Media" />
  <Association Identifier=".wma" ProgId="WMP11.AssocFile.WMA" ApplicationName="Reproductor de Windows Media" />
  <Association Identifier=".wmf" ProgId="IrfanView.wmf" ApplicationName="IrfanView 64-bit" />
  <Association Identifier=".wmv" ProgId="WMP11.AssocFile.WMV" ApplicationName="Reproductor de Windows Media" />
  <Association Identifier=".wmx" ProgId="WMP11.AssocFile.ASX" ApplicationName="Reproductor de Windows Media" />
  <Association Identifier=".WPL" ProgId="WMP11.AssocFile.WPL" ApplicationName="Reproductor de Windows Media" />
  <Association Identifier=".wtv" ProgId="KLCP.WMP64.wtv" ApplicationName="Reproductor de Windows Media" />
  <Association Identifier=".wtx" ProgId="Notepad++_file" ApplicationName="Notepad++ : a free (GPL) source code editor" />
  <Association Identifier=".wv" ProgId="KLCP.WMP64.wv" ApplicationName="Reproductor de Windows Media" />
  <Association Identifier=".wvx" ProgId="WMP11.AssocFile.WVX" ApplicationName="Reproductor de Windows Media" />
  <Association Identifier=".xbm" ProgId="IrfanView.xbm" ApplicationName="IrfanView 64-bit" />
  <Association Identifier=".xm" ProgId="KLCP.WMP.xm" ApplicationName="Reproductor de Windows Media" />
  <Association Identifier=".xml" ProgId="Notepad++_file" ApplicationName="Notepad++ : a free (GPL) source code editor" />
  <Association Identifier=".xpm" ProgId="IrfanView.xpm" ApplicationName="IrfanView 64-bit" />
  <Association Identifier="http" ProgId="ChromeHTML" ApplicationName="Google Chrome" />
  <Association Identifier="https" ProgId="ChromeHTML" ApplicationName="Google Chrome" />
  <Association Identifier="mailto" ProgId="ChromeHTML" ApplicationName="Google Chrome" />
  <Association Identifier="microsoft-edge" ProgId="MSEdgeHTM" ApplicationName="Microsoft Edge" />
  <Association Identifier="microsoft-edge-holographic" ProgId="MSEdgeHTM" ApplicationName="Microsoft Edge" />
  <Association Identifier="ms-xbl-3d8b930f" ProgId="MSEdgeHTM" ApplicationName="Microsoft Edge" />
  <Association Identifier="read" ProgId="MSEdgeHTM" ApplicationName="Microsoft Edge" />
</DefaultAssociations>